Tweet Tratado,Tweet Original
"['aparentemente', 'tornei', 'temia', 'tornar', 'gay', 'meia', 'idade', 'usa', 'meia', 'colorida', 'roupa', 'preta']",Aparentemente me tornei o que mais temia me tornar: o gay de meia idade que usa meia colorida com roupa preta.
"['cada', 'dia', 'q', 'passa', 'sonho', 'louco', 'outro']",cada dia q passa eu tenho um sonho mais louco que o outro
"['eu', 'amo', 'genshin', 'o', 'problema', 'e', 'que', 'o', 'jogo', 'e', 'mal', 'otimizado', 'pra', 'celular', 'que', 'cu']","Eu amo Genshin
O PROBLEMA √â QUE O JOGO √â MAL OTIMIZADO PRA CELULAR, QUE CU"
"['bobo', 'vc', 'ne']",Bobo vc n√©?
"['queria', 'entender', 'merda', 'juro', 'parece', 'cada', 'particula', 'corpo', 'ta', 'doendo', 'to', 'morrendo', 'sono', 'simplesmente', 'da', 'pra', 'dormir']",Queria entender que merda √© essa juro parece que cada part√≠cula do meu corpo t√° doendo to morrendo de sono mas simplesmente n√£o d√° pra dormir
"['isso', 'mostra', 'gosta', 'flu', 'msm', 'foda', 'ficar', 'ouvindo', 'vtnc', 'rede', 'nacional', 'algo', 'vc', 'n', 'merecia']","Isso mostra que ele gosta do flu msm, tu √© foda. Ficar ouvindo ""vtnc"" em rede nacional √© algo que vc n merecia https://t.co/IgP40G08T7"
"['foda', 'dms']",foda dms https://t.co/gNKIAv86xB
"['po', 'mo', 'neurose', 'conhecer', 'gente', 'aparentemente', 'ninguem', 'conhece', 'sla', 'vai', 'pessoa', 'fez', 'mo', 'merda', 'vou', 'ficar', 'sabendo', 'nunca']","po tenho mo neurose de conhecer gente que aparentemente ningu√©m conhece sla, vai que a pessoa j√° fez mo merda e eu n√£o vou ficar sabendo nunca"
"['tao', 'dramatico', 'a', 'palavra', 'disse', 'esqueci', 'caralho', 'sentimentos', 'demonstrei', 'vtnc', 'humor', 'variavel', 'humor', 'variavel', 'desculpe', 'ultimo', 'nao', 'sou', 'nada', 'exagerado', 'tudo', 'invencao', 'deste', 'povo']","nem sou t√£o dram√°tico!
A palavra que n√£o disse: esqueci, caralho
os sentimentos que n√£o demonstrei: ü§¨VTNC
humor vari√°vel: se tive humor vari√°vel me desculpe
e por ultimo: N√ÉO SOU NADA EXAGERADO, √© tudo inven√ß√£o deste povo! https://t.co/gfYa2ZFdaM"
"['derem', 'disband', 'vou', 'chorar', 'vou', 'ficar', 'feliz', 'pq', 'yg', 'vai', 'foder', 'gostoso']","se elas derem disband eu vou chorar,mas vou ficar feliz pq a yg vai se foder gostoso https://t.co/HfResUIsjr"
Tweet Tratado,Tweet Original
"['vao', 'tudo', 'merda', 'tbm', 'ba']",V√£o tudo a merda tbm ba
"['essa', 'semana', 'ta', 'chovendo', 'msg', 'pra', 'deixar', 'emocionado', 'a', 'mae', 'amigo', 'infancia', 'e', 'vida', 'mostrando', 'pra', 'onde', 'direcionar', 'intensidade', 'pra', 'realmente', 'ama', 'importa', 'sabe', 'falta', 'valor', 'to', 'aqui', 'agora', 'todo', 'bobo', 'novo']","Essa semana t√° chovendo msg pra me deixar emocionado. A m√£e do meu amigo de inf√¢ncia... √â a vida me mostrando pra onde direcionar minha intensidade. Pra quem realmente me ama, se importa e sabe da minha falta e do meu valor. T√¥ aqui agora todo bobo, de novo. ü•∞üò≠ https://t.co/aiwWqGAwyH"
"['vou', 'marcar', 'medico', 'pra', 'ver', 'dor', 'cabeca', 'doida', 'toda', 'noite', 'merda']","vou marcar um m√©dico pra ver essa minha dor de cabe√ßa doida, toda noite essa merda"
"['a', 'mesma', 'galera', 'ta', 'achando', 'ruim', 'todo', 'role', 'grande', 'rio', 'homenagear', 'exu', 'mesma', 'galera', 'acha', 'legal', 'ter', 'thor', 'filmes', 'marvel', 'o', 'problema', 'entidade', 'diferente', 'problema', 'ser', 'preta']","A mesma galera que t√° achando ruim todo o role da Grande Rio homenagear Exu, √© a mesma galera que acha legal ter o Thor nos filmes da Marvel.

O problema n√£o √© uma entidade diferente da sua, o problema √© ela ser preta..."
"['inconcebivel', 'p', 'mim', 'pessoa', 'portugues', 'conseguir', 'ser', 'ser', 'humano', 'merda']",√© inconceb√≠vel p mim uma pessoa com esse portugu√™s conseguir ser um ser humano de merda https://t.co/sbuFH3ChnT
"['pertencer', 'doloroso', 'pra', 'cacete', 'aaaaaaaa']",se pertencer √© doloroso pra cacete aaaaaaaa
"['heartstopper', 'lixo', 'alem', 'ser', 'serie', 'gay', 'gente', 'feia']",Heartstopper √© um lixo al√©m de ser uma s√©rie gay s√≥ tem gente feia
"['mano', 'to', 'c', 'muita', 'vontade', 'd', 'cagar', 'n', 'consigo', 'd', 'casa']",mano to c muita vontade d cagar mas n consigo fora d casa
"['comum', 'acordo', 'caralho', 'hahaha']",Comum acordo √© o caralho hahaha https://t.co/7OcV7pg2rN
"['hrs', 'manha', 'voltando', 'parque', 'ser', 'assediada', 'ser', 'mulher', 'foda']",11 hrs da manh√£ voltando do parque e ser assediada‚Ä¶ ser mulher √© foda
"['com', 'sweatcalor', 'sem', 'sweatfrio', 'que', 'tempo', 'merda']","Com sweat=calor
Sem sweat=frio
Que tempo de merdaüò©"
"['eu', 'sempre', 'recebi', 'ligacoes', 'telerlmarketing', 'ligam', 'vc', 'atende', 'falam', 'nada', 'mas', 'ultimamente', 'ta', 'insuportavel', 'umas', 'ligacoes', 'hora', 'vai', 'tomar', 'cu']","Eu sempre recebi liga√ß√µes de telerlmarketing, aquelas que ligam vc atende e n√£o falam nada. Mas ultimamente TA INSUPORT√ÅVEL √© umas 20 liga√ß√µes por hora. Vai tomar no cu"
"['ah', 'vai', 'pra', 'puta', 'pariu']",ah vai pra puta que pariu https://t.co/H6jp8k5f1J
"['virar', 'professora', 'nutricao', 'p', 'comer', 'cu', 'alunos', 'igual', 'alda', 'comeu', 'agora']",virar professora de nutri√ß√£o p comer o cu dos alunos igual a alda comeu o meu agora
"['mulher', 'louco', 'entenda']","mulher, eu estou louco por voc√™, entenda"
"['freud', 'obrigado', 'sublimacao', 'viado', 'aaaa']","freud muito obrigado pela sublima√ß√£o viado, aaaa"
"['quando', 'ignorancia', 'grita', 'inteligencia', 'cala', 'conclusao', 'perca', 'tempo', 'discutindo', 'esquerdistas', 'ptistas', 'nunca', 'admitem', 'precisar', 'chamam', 'advogado', 'jose', 'eduardo', 'cardozo', 'pra', 'ficar', 'repetindo', 'infinitamente', 'vem', 'ser', 'multado', 'stf']","Quando a ignor√¢ncia *GRITA*, a intelig√™ncia cala. Conclus√£o: n√£o perca tempo discutindo com esquerdistas ! üòâüòú

PTistas nunca admitem uma cag4d4, e se precisar chamam o Advogado Jos√© Eduardo Cardozo pra ficar repetindo infinitamente que n√£o houve mesmo,vem ser multado pelo STF. https://t.co/lgZxMzBB1B"
"['tomar', 'banho', 'de', 'manha']","Tomar um banho
De manh√£"
"['estranho', 'saida', 'abel', 'hein', 'ha', 'pouco', 'tempo', 'atras', 'tava', 'sendo', 'campeao', 'carioca', 'festa', 'caralho']","Estranho essa sa√≠da do Abel, hein‚Ä¶ H√° pouco tempo atr√°s tava sendo campe√£o do carioca, uma festa do caralho."
"['so', 'queria', 'alguem', 'mto', 'gay', 'cmg']",so queria alguem que fosse mto gay cmg
"['puta', 'pariu']",Puta que me pariu
"['caralho', 'hoje', 'sessao', 'terapia', 'socao', 'cara', 'q', 'q']",Caralho hoje a sess√£o de terapia foi um soc√£o na minha cara q q isso
"['cocota', 'feia', 'pa', 'caralho']",COCOTA FEIA PA CARALHO
"['tomar', 'cafe', 'ver', 'video', 'party', 'nova', 'heitor', 'silva', 'pretao', 'anda']","tomar caf√© e ver video party nova do heitor da silva, pret√£o anda muito"
"['vir', 'pra', 'academia', 'fone', 'ai', 'chego', 'aqui', 'ta', 'tocando', 'pericles', 'puta', 'merda']","Vir pra academia sem fone, a√≠ chego aqui t√° tocando P√©ricles puta merda"
"['eu', 'to', 'cansada', 'demais', 'psicologico', 'abalado', 'to', 'chorando', 'pra', 'caralho', 'vou', 'ver', 'gine', 'dia', 'vei']","Eu t√¥ cansada demais, meu psicol√≥gico abalado, t√¥ chorando pra caralho e s√≥ vou ver o gine dia 13 v√©i"
"['eu', 'ando', 'mt', 'irritada', 'vontade', 'mandar', 'pessoas', 'especificas', 'tomar', 'cu', 'que', 'deus', 'ajude', 'n', 'fazer']",Eu ando mt irritada com vontade de mandar pessoas espec√≠ficas tomar no cu. Que Deus me ajude a n fazer isso.
"['meu', 'pau', 'ta', 'durassoooo', 'caralho', 'aeeeeeeee', 'porra']",MEU PAU TA DURASSOOOO CARALHO AEEEEEEEE PORRA #Xbox #XboxGamePass https://t.co/ntfKrGGHs4
['foda'],que se foda ele https://t.co/1psQDxrzFX
"['vei', 'descubri', 'pq', 'sarinhah', 'nao', 'come', 'na', 'creche', 'sinceramente', 'vontade', 'bater', 'estar', 'obrigando', 'comer']",Vei descubri pq a sarinhah N√ÉO COME NA CRECHE sinceramente que vontade de me bater por estar obrigando ela comer aquilo
"['vou', 'enfiar', 'esse', 'chiclete', 'no', 'meu', 'cu']",VOU ENFIAR ESSE CHICLETE NO MEU CU
"['que', 'foda', 'braga', 'abel']","‚Äú Que se foda eles‚Äù -Braga, Abel https://t.co/Ep0zkJOUto"
"['prepara', 'cu', 'city', 'quarta', 'vem', 'guerra']","Prepara o cu do city, quarta que vem √© guerra https://t.co/ovjRjZSmgg"
"['gente', 'puxa', 'saco', 'pior', 'ne', 'puta', 'merda']",Gente puxa saco √© a pior que tem n√© ?! Puta merda. üôÑ
"['album', 'nina', 'ta', 'foda', 'demais', 'cada', 'verso', 'beat', 'referencias', 'salvou', 'dia']","esse album da nina ta foda demais! cada verso, beat, refer√™ncias, salvou meu dia üôåüèø"
"['minha', 'preta', 'viu']",Minha preta tem viu ü•µ https://t.co/qGyc1j3wq6
"['caralho', 'sandra', 'apareceu', 'falando', 'mendigo', 'vai', 'pagar', 'mano', 'bagulho', 'acabar', 'nunca']","Caralho a Sandra apareceu falando que o mendigo vai pagar elas , mano bagulho acabar nunca"
"['vim', 'pro', 'banheiro', 'e', 'a', 'pprra', 'do', 'ensino', 'medio', 'ainda', 'ta', 'aqui', 'fora', 'ai', 'o', 'fdp', 'que', 'me', 'perssegue', 'ficou', 'me', 'encarando']",VIM PRO BANHEIRO E A PPRRA DO ENSINO MEDIO AINDA T√Å AQUI FORA   AI O FDP QUE ME PERSSEGUE FICOU ME ENCARANDO
"['descobri', 'hj', 'q', 'abacate', 'fode', 'estomago', 'kkkkkkkoq', 'nao', 'deixa', 'essa', 'porra', 'fodida', 'tbm', 'ne', 'caralho']",descobri hj q abacate fode meu est√¥mago kkkkkkkOQ NAO DEIXA ESSA PORRA FODIDA TBM N√â CARALHO????
"['cala', 'boca', 'porque', 'vou', 'show', 'coldplay']",cala a boca porque eu vou no show do coldplay
"['entao', 'agora', 'pode', 'meter', 'cacete', 'governo']",ent√£o √© agora que se pode meter o cacete no governo?
"['o', 'pessoal', 'escritorio', 'anda', 'arrastando', 'pe', 'caralho', 'irritateeee']","O pessoal no escrit√≥rio anda arrastando o p√©, que caralho irritateeee"
"['sem', 'duvidas', 'series', 'gay', 'lindas', 'puras', 'netflix', 'amei', 'demais', 'preciso', 'segunda', 'temporada']",Sem d√∫vidas √© uma das s√©ries gay mais lindas e puras da Netflix. Amei demais e preciso da segunda temporada!  #Heartstopper
"['entendo', 'coisas', 'pq', 'pessoal', 'enchia', 'saco', 'falando', 'mulher', 'podia', 'escrever', 'romance', 'gay', 'agora', 'gosta', 'heartstopper']",eu n√£o entendo essas coisas pq o pessoal enchia o saco falando que mulher n√£o podia escrever romance gay mas agora gosta de heartstopper https://t.co/O9DXUCZxks
"['dei', 'selinho', 'naquele', 'viado', 'incubado', 'frente', 'd', 'todo', 'mundo', 'to', 'morrendo']",dei um selinho naquele viado incubado na frente d todo mundo t√¥ morrendo
"['preta', 'ferreira', 'no', 'dialogos', 'contemporaneos', 'em', 'brasilia', 'de', 'abril', 'maio', 'espaco', 'cultural', 'shopping', 'liberty', 'mall', 'recebe', 'projeto', 'literario', 'dialogos', 'contemporaneos', 'grandes', 'escritores', 'escritoras']","PRETA FERREIRA NO DI√ÅLOGOS CONTEMPOR√ÇNEOS EM BRAS√çLIA - De 18 de abril a 16 de maio o Espa√ßo Cultural do Shopping Liberty Mall recebe o projeto liter√°rio Di√°logos Contempor√¢neos, com grandes escritores e escritoras. #di√°logoscontempor√¢neos #literatura #cultura #bras√≠lia https://t.co/U2rOSAGRzq"
"['provocou', 'conflito', 'entendimento', 'sobre', 'titularidade', 'agremiacao', 'pertence', 'samba', 'as', 'duas', 'linhas', 'anteriores', 'explicando', 'homenageado', 'passou', 'escolas', 'antes', 'chegar', 'imperatriz', 'eterna', 'amada', 'imperatriz', 'fim', 'samba', 'enfiou', 'cu', 'ne']","‚ÄúProvocou conflito de entendimento sobre a titularidade da agremia√ß√£o a qual pertence o samba‚Äù

As duas linhas anteriores explicando que o homenageado passou por essas escolas antes de chegar na Imperatriz e o ""eterna seja, amada Imperatriz"" no fim do samba ele enfiou no cu, n√©? https://t.co/C0AD0c1eMA"
"['o', 'fluminense', 'foda', 'foda']",O Fluminense √© foda e que se foda eles!
"['caralho', 'deus', 'acaba', 'semana', 'logo', 'n', 'aguento', 'maaaaisss']",caralho meu Deus acaba essa semana logo eu n aguento maaaaisss
"['vcs', 'tao', 'fazendo', 'tomar', 'pessimas', 'decisoes', 'lh']",vcs t√£o fazendo eu tomar p√©ssimas decis√µes /lh https://t.co/ERIVXl3bQD
"['e', 'merda', 'ser', 'proletariado', 'poder', 'reclamar', 'redes', 'sociais', 'pq', 'simplesmente', 'alcance', 'que', 'odio']",√â uma merda ser proletariado e n√£o poder reclamar nas redes sociais pq simplesmente n√£o tem alcance. Que √≥dio
"['hoje', 'ta', 'foda', 'pra', 'caralho', 'vontade', 'absolutamente', 'nada']","hoje t√° foda pra caralho, sem vontade de absolutamente nada"
"['cada', 'dia', 'passa', 'fico', 'gay']",Cada dia que passa eu fico mais gay
"['ai', 'nao', 'entendo', 'matematica', 'entao', 'fazer', 'graca', 'pra', 'cima', 'desse', 'cara', 'namora', 'presta', 'atencao', 'professor', 'caralho']","""ai eu nao entendo matem√°tica"" ent√£o para de fazer gra√ßa pra cima desse cara que namora e presta aten√ß√£o no professor, que caralho"
"['nossa', 'catar', 'pedrinha', 'agora', 'frente', 'janela', 'quarto', 'foda', 'ne']",Nossa ou catar pedrinha agora na frente da janela do meu quarto √© foda n√©
"['sabe', 'porra', 'transtorno', 'cala', 'boca', 'vagabunda', 'porra', 'perfil', 'vc', 'sensualizando', 'pra', 'otaku', 'incel', 'mete', 'validacao', 'masculina']",n√£o sabe o que √© a porra de um transtorno cala a boca vagabunda a porra do teu perfil s√≥ tem vc sensualizando pra otaku e incel e tu mete essa de valida√ß√£o masculina? https://t.co/YSjqeD9LUx
"['gosto', 'abel', 'pra', 'crlh', 'tecnico', 'vitorioso', 'clube', 'dava', 'fazia', 'merda']","Gosto do Abel pra crlh, t√©cnico mais vitorioso no clube, mais n√£o dava mais s√≥ fazia merda https://t.co/1mqzieC10T"
"['obrigado', 'abel', 'braga', 'me', 'desculpa', 'ofensas', 'sei', 'culpado', 'o', 'culpado', 'vagabundo', 'mario', 'bittencourt']","Obrigado, Abel Braga. Me desculpa pelas ofensas, sei que n√£o √© o culpado. O culpado √© o vagabundo do M√°rio Bittencourt! #ForaMario https://t.co/UN3cAbDB7M"
"['cala', 'boca', 'vc', 'calvo']",cala a boca vc e calvo
"['hoje', 'vou', 'ora', 'praia', 'beber', 'foda', 'por', 'favor', 'frio', 'de', 'madrugada', 'acordo', 'faco', 'casos']","Hoje eu vou ora praia beber e foda se.

Por favor n√£o esteja frio. 

De madrugada eu acordo e fa√ßo os casos."
"['muito', 'foda', 'qualidade', 'camera']",Muito foda essa qualidade da c√¢mera de 1898 https://t.co/UcwdzlRlnu
"['vou', 'tomar', 'gelinho', 'hj', 'sozinha']",Vou tomar um gelinho hj sozinha.
"['caralho', 'doideira', 'esperava', 'entregasse', 'agora']","caralho que doideira, esperava que ele entregasse mas n√£o agora"
"['tive', 'sonho', 'tao', 'estranho', 'triste', 'acordei', 'convite', 'perfil', 'plano', 'base', 'p', 'merda', 'acontecer']",Tive um sonho t√£o estranho e triste ._. e acordei com um convite com perfil de plano base p essa merda acontecer üò≠
"['estudar', 'tarde', 'merda', 'vivo', 'pra', 'escola', 'vai', 'tomar', 'cu']",estudar de tarde √© uma merda eu s√≥ vivo pra escola vai tomar no cu
"['do', 'jeito', 'q', 'to', 'tarde', 'vai', 'ter', 'flamengo', 'certo', 'vou', 'cacar', 'medico', 'ta', 'foda']","Do jeito q t√¥, mais tarde n√£o vai ter Flamengo certo, vou ca√ßar um m√©dico, t√° foda ü§ß"
"['cada', 'dia', 'to', 'ficando', 'biluteteia', 'jeito', 'based', 'louco', 'turma', 'monica', 'sim', 'jeito', 'esquizofrenico', 'marilyn', 'manson']","Cada dia eu t√¥ ficando mais e mais biluteteia, mas n√£o num jeito based louco da turma da Monica e sim de um jeito esquizofr√™nico Marilyn Manson."
['foda'],que se foda eles https://t.co/zLbZlqSRTh
"['acabei', 'de', 'ver', 'um', 'homem', 'enfiando', 'o', 'braco', 'inteiro', 'no', 'cu', 'do', 'outro', 'e', 'tirando', 'os', 'orgaos', 'internos', 'n', 'do', 'cars', 'pra', 'chupar', 'e', 'eu', 'to', 'traumatizada', 'quero', 'dar', 'um', 'tiro', 'na', 'minh', 'caveca']","ACABEI DE VER UM HOMEM ENFIANDO O BRA√áO INTEIRO NO CU DO OUTRO E TIRANDO OS √ìRG√ÉOS INTERNOS N
DO CARS PRA CHUPAR E EU TO TRAUMATIZADA QUERO DAR UM TIRO NA MINH CAVECA"
"['aqui', 'matando', 'estudar', 'cheia', 'prova', 'trabalho', 'p', 'fzr', 'fdp', 'irma', 'cancun', 'enfim', 'preferidos']","eu aqui me matando de estudar, cheia de prova e trabalho p fzr e a fdp da minha irm√£ em Canc√∫n! enfim os preferidosü§°ü•µ"
"['juro', 'lino', 'hyun', 'cabelo', 'preto', 'vou', 'passar', 'mal']",eu juro que se o lino e o hyun tiverem com o cabelo preto eu vou passar mal
"['merda', 'vai', 'passar', 'aguento']",quando √© que essa merda vai passar n√£o aguento mais
"['caralho', 'spotify', 'ta', 'pesado', 'ultimamente', 'meu', 'celular', 'tava', 'travando', 'pra', 'caralho', 'fechar', 'spotify', 'voltou', 'normal']","Caralho, o Spotify t√° muito pesado ultimamente. Meu celular tava travando pra caralho, foi eu fechar o Spotify que ele voltou ao normal."
"['tomar', 'cafe', 'tira', 'fome', 'laxante', 'ainda', 'deixa', 'acordado', 'droga', 'maldita']","Tomar caf√© me tira a fome, √© laxante e ainda me deixa acordado o droga maldita"
"['vontade', 'de', 'socar', 'o', 'cu', 'do', 'andre']",VONTADE DE SOCAR O CU DO ANDRE
"['nao', 'sorteado', 'tivw', 'compra', 'kkkk', 'foda', 'nao', 'ia', 'perde', 'ultimo', 'show', 'kiss', 'ta', 'maluqui', 'tava', 'querendo', 'so', 'ir', 'pra', 'perto', 'pedreira', 'ja', 'agora', 'vontar', 'dentro', 'caralhooo', 'ansioso', 'pra', 'uma', 'porra', 'e', 'ainda', 'primeiro', 'show', 'assim', 'mais', 'ansioso', 'ainda', 'aaahh']","Nao fui sorteado, tivw que compra! Kkkk se foda! Nao ia perde o ultimo show do kiss! Ta maluqui!!! Tava querendo so ir pra perto da pedreira ja e agora vontar dentro!! CARALHOOO ANSIOSO PRA UMA PORRA!!! E ainda primeiro show assim da @MariaZazulaa !!! Mais ansioso ainda!!! Aaahh"
"['fui', 'assistir', 'animais', 'fantasticos', 'esperanca', 'bom', 'desenvolvimento', 'personagem', 'maria', 'candido', 'recebi', 'uma', 'fucking', 'fala', 'dela', 'ezra', 'miller', 'dumbledore', 'gay', 'timido', 'unica', 'coisa', 'salvou', 'newt', 'jacob', 'sempre']","Fui Assistir animais fant√°sticos na esperan√ßa de um bom desenvolvimento da personagem da Maria C√¢ndido, mas RECEBI UMA FUCKING FALA DELA, Ezra Miller ü§Æ e  Dumbledore gay t√≠mido !
a √önica coisa que salvou foi o Newt e o Jacob como sempre"
"['prova', 'caralho']",prova do caralho
"['ja', 'idiota', 'pedindo', 'fernando', 'diniz', 'pode', 'ser', 'sacanagem']","J√° tem idiota pedindo Fernando Diniz, s√≥ pode ser sacanagem"
"['literalmente', 'shippando', 'agatha', 'x', 'gal', 'porq', 'voces', 'estao', 'demorando', 'pra', 'tomar', 'atitude', 'adoro', 'ideia', 'gal', 'respira', 'perto', 'agatha', 'ja', 'sai', 'falando', 'beijou', 'deixou', 'ar', 'sendo', 'ainda', 'bv']","literalmente shippando agatha x gal porq voces estao demorando muito pra tomar uma atitude

e eu adoro a ideia de que o gal respira perto da agatha e ela ja sai falando que beijou ele, deixou ele sem ar sendo que ela ainda √© bv"
"['os', 'caras', 'marcando', 'ciro', 'debochando', 'kkkk', 'mano', 'pais', 'merece', 'podridao', 'eterna', 'existe', 'culto', 'ignorancia', 'pqp', 'povinho', 'otario']","Os caras marcando o Ciro e debochando kkkk mano, esse pa√≠s merece a podrid√£o eterna. Existe um culto a ignor√¢ncia, pqp que povinho ot√°rio. https://t.co/thDx0j5yP1"
"['cara', 'joga', 'apenas', 'dias', 'mete', 'thumb', 'foder']","Cara joga apenas por 8 dias e mete 100 na thumb, se foder https://t.co/m3Pit1gAsT"
"['o', 'dia', 'vai', 'ser', 'merda']",O dia vai ser uma merda mesmo
"['maior', 'merda', 'existe', 'historia', 'thelmo', 'scuby', 'dg', 'campeoes', 'povo', 'gente', 'onde', 'povo', 'hora', 'votar', 'vsf', 'kkkkkkkkkk']",maior merda que existe √© essa hist√≥ria de que o thelmo scuby e dg s√£o campe√µes do povo?? minha gente √© onde estava esse povo na hora de votar? vsf kkkkkkkkkk
"['finalmente', 'acabou', 'periodo', 'vai', 'tomar', 'cu']","Finalmente acabou o per√≠odo, vai tomar no cu"
"['aqui', 'gente', 'lamenta', 'pq', 'dia', 'ta', 'bosta']",√© aqui que a gente se lamenta?? pq meu dia ta uma bosta
"['kakakakakakak', 'eu', 'nunca', 'mais', 'duvido', 'da', 'porra', 'da', 'minha', 'intuicao', 'que', 'caraljo', 'que', 'buceta', 'que', 'cu']",KAKAKAKAKAKAK EU NUNCA MAIS DUVIDO DA PORRA DA MINHA INTUI√á√ÉO QUE CARALJO QUE BUCETA QUE CU
"['cara', 'queria', 'mamar', 'policial', 'sigilo', 'aqui', 'rio', 'preto', 'algum', 'ai', 'chama', 'dm']","Cara como eu queria mamar um policial no sigilo aqui em rio preto, se tiver algum ai chama DM"
"['to', 'ficando', 'puta', 'respirando', 'perto', 'mim', 'chata', 'prw', 'caralho']",to ficando puta s√≥ com ela respirando perto de mim chata prw caralho
"['agora', 'entendo', 'assim', 'vai', 'tomar', 'cu']","agora eu entendo, mas mesmo assim, vai tomar no seu cu"
"['cansado', 'cidade', 'juro', 'sai', 'noite', 'trabalho', 'ainda', 'dormi', 'nada', 'causa', 'obras', 'merda', 'predio', 'lado']","Cansado da Cidade juro .......
Sai da noite de trabalho e ainda n√£o dormi nada por causa das obras de merda do pr√©dio ao lado"
"['windows', 'vai', 'tomar', 'cy']",Windows 11 vai tomar no cy!!!!!!!!!
"['tomar', 'gin', 'meio', 'semana', 'realmente', 'da', 'to', 'morta']","Tomar gin no meio da semana realmente n√£o d√°, t√¥ morta!"
"['ola', 'novo', 'aqui', 'entp', 'he', 'she', 'preto', 'racistas', 'lgbtfobicos', 'etc', 'bem', 'vindos', 'qualquer', 'conta', 'subtwt', 'fique', 'vontade', 'pra', 'seguir', 'interagir']","ol√°, sou novo aqui! #obslove #obslovetwt
- entp 8w7
- @mcrflvmes minha.
- he(+)/she
- preto 
- racistas, lgbtfobicos, etc n√£o s√£o bem vindos.

qualquer conta do subtwt fique a vontade pra me seguir e interagir! https://t.co/OZrDfGXLfC"
"['agora', 'q', 'comprou', 'twitter', 'vai', 'falar', 'merda', 'dia', 'inteiro', 'kkkkk', 'gostei']",agora q comprou o twitter vai falar merda o dia inteiro kkkkk gostei https://t.co/svfZOeTwHH
"['bando', 'puto', 'fdp']",bando de puto fdp
"['to', 'pensando', 'fogo', 'q', 'vou', 'tomar', 'amanha']",t√¥ s√≥ pensando no fogo q eu vou tomar amanh√£
"['meti', 'louco', 'arranquei', 'unhas']",Meti o louco e arranquei minhas unhas ü•πü§°
"['nao', 'babaca', 'vc', 'q', 'parece', 'bebezao']",nao sou babaca vc q parece um bebezao üòÜ
"['ta', 'foda', 'consigo']",T√° foda mas eu consigo
Tweet Tratado,Tweet Original
"['brinca', 'p', 'caralho', 'kkkkkkk']",brinca p caralho kkkkkkk
"['quero', 'fazer', 'dnv', 'q', 'merda']",quero fazer aquilo dnv q merda
"['literalmente', 'brigar', 'ngm', 'foda']",literalmente estou +8horas sem brigar com ngm se foda https://t.co/sIIRgIQKRX
"['prof', 'atividades', 'tao', 'tudo', 'feitas', 'que', 'oxe', 'pgs', 'exercicio', 'filho', 'ta', 'pouco', 'cade', 'mostre', 'ai', 'kkkk', 'aluno', 'viagem', 'outro', 'largou', 'seu', 'cu', 'pro', 'colega', 'frente', 'ai', 'pivete', 'respeita', 'prof']","""prof, minhas atividades t√£o tudo feitas""

""√© o qu√™?!""

""oxe, eu tenho 6 pgs de exerc√≠cio meu filho""

""t√° pouco! eu tenho mais de 10""

""cad√™, mostre a√≠""

KKKK aluno √© uma viagem

o outro largou um ""SEU CU"" pro colega na minha frente, a√≠ o pivete ""voc√™ n√£o respeita o prof n√£o √©"""
"['o', 'toureiro', 'chato', 'cala', 'merda']","O toureiro √© chato, n√£o se cala com esta merda https://t.co/sxzq3qFSie"
"['morar', 'araruna', 'foda', 'cidade', 'meio', 'nada']","Morar em Araruna e foda, cidade no meio do nada"
"['debatendo', 'sala', 'sobre', 'oq', 'gay', 'padrao', 'elus', 'acham', 'gay', 'afeminado', 'acho', 'gay', 'adequa', 'normas', 'impostas', 'sociedade', 'usado', 'referencia', 'gay', 'bom']","Debatendo na sala sobre oq √© um gay padr√£o, elus acham que √© um gay afeminado, j√° eu acho que √© um gay que se ""adequa"" mais nas normas impostas pela sociedade, aquele que √© usado de refer√™ncia como um ""gay bom"""
"['que', 'climinha', 'ta', 'rua', 'ne', 'foda', 'ter', 'sair', 'dps', 'hoje', 'jaquetinha']","Que climinha que t√° na rua n√©, foda ter que sair dps. Hoje √© jaquetinha ü§™"
"['o', 'vagabundo', 'lula', 'condenado', 'sergio', 'moro', 'lula', 'condenado', 'juizes', 'instancias', 'nunca', 'inocentado', 'teve', 'todo', 'processo', 'anulado', 'stf', 'apenas', 'final', 'viram', 'haver', 'saida', 'senao', 'burlar', 'processo', 'juridico']","O vagabundo do Lula n√£o foi condenado por S√©rgio Moro. Lula foi condenado por 9 ju√≠zes em 3 inst√¢ncias. Nunca foi inocentado. Teve todo o processo anulado pelo STF apenas no final quando viram n√£o haver mais sa√≠da sen√£o burlar o processo jur√≠dico. 
#LulaInocente https://t.co/9PQIzCk6R0"
"['prova', 'bosta', 'to', 'triste']","a prova foi uma bosta, t√¥ triste"
"['c', 'bom', 'ngm', 'falar', 'merda', 'adora']","o c* que √© bom ngm da, mas falar merda adora"
"['eu', 'conheco', 'pa', 'otario', 'metido', 'malandro', 'anda', 'gingando', 'crente', 'ta', 'abafando', 'aprendeu', 'falar']","Eu conhe√ßo uma p√° de ot√°rio metido a malandro que anda gingando 
Crente que t√° abafando, √© s√≥ aprendeu a falar"
"['vagabundo', 'n', 'responde', 'odio']",esse vagabundo n responde √≥dio
"['kkskskskskkkkkkkkkkkkkkkkkkkkkkkkkkkkkkkkk', 'se', 'fode', 'seu', 'merda', 'velho', 'babaca', 'do', 'crlh', 'foda', 'otario']","KKSKSKSKSKKKKKKKKKKKKKKKKKKKKKKKKKKKKKKKKK SE FODE SEU MERDA VELHO BABACA DO CRLH

que se foda voc√™ ot√°rio https://t.co/CzicP9g4kc"
"['duplo', 'malte', 'virou', 'veneno', 'consigo', 'tomar', 'merda', 'fermenta', 'estomago']","a duplo malte virou um veneno n√£o consigo mais tomar essa merda, fermenta meu est√¥mago https://t.co/SPYTPt3Nxf"
"['sera', 'povo', 'sabe', 'calar', 'merda', 'boca', 'passaram', 'cinco', 'aulas', 'falando']",Ser√° que esse povo n√£o sabe calar a merda da boca???? Passaram as CINCO aulas falando üò†
"['preconceito', 'amor', 'homem', 'cis', 'engravida', 'verdade', 'pra', 'existir', 'preconceito', 'contra', 'pq', 'ridiculo', 'vcs', 'passam', 'bando', 'fetichista', 'bosta', 'omegaverse', 'bando', 'fujoshi', 'pau', 'cu']","PRECONCEITO com o que amor? homem cis engravida de verdade pra existir preconceito contra isso? n√£o, pq isso √© rid√≠culo. vcs n√£o passam de um bando de fetichista com essa bosta de omegaverse, bando de fujoshi pau no cu"
"['dormi', 'cima', 'notebook', 'meio', 'aula', 'portugues', 'desmutei', 'mic', 'querer', 'vai', 'tomar', 'cu']","dormi em cima do notebook no meio da aula de portugu√™s e desmutei o mic sem querer 

vai tomar no cu"
"['hj', 'jogo', 'sereias', 'vila', 'de', 'graca', 'n', 'vou', 'pq', 'moro', 'baixa', 'egua', 'q', 'sacoo']",hj tem jogo das sereias da vila DE GRA√áA e eu n vou pq moro na baixa da √©gua q sacoo
"['tomar', 'banho', 'p', 'ir', 'p', 'academia']",tomar banho p ir p academia
"['cara', 'foda', 'referencias', 'br', 'me', 'pergunto', 'br', 'pag']","Cara, muito foda as refer√™ncias BR. Me pergunto se √© BR a pag https://t.co/yGhXe5ncf1"
"['rafaela', 'vai', 'cagar', 'cabeca']",Rafaela vai cagar na minha cabe√ßa
"['mds', 'sonhei', 'bolsonaro', 'sonho', 'foda']","mds, eu sonhei com o Bolsonaro... que sonho foda"
"['falam', 'idiota', 'postar', 'fotinho', 'bombom', 'recebeu', 'empresa', 'porque', 'sabem', 'dor', 'ser', 'esquecida', 'churrasco', 'receber', 'bombom']",voc√™s falam que √© idiota postar fotinho de bombom que recebeu da empresa porque n√£o sabem a DOR que √© ser esquecida no churrasco e n√£o receber o bombom ü•≤
['foda'],que se foda ele! https://t.co/F8i1UYXNZv
"['pensando', 'seriamente', 'ir', 'p', 'praia', 'sozinha', 'q', 'foda']",pensando seriamente em ir p praia sozinha e q se foda.
"['puta', 'merda', 'dor']","puta merda, que dor"
"['que', 'foda']",‚ÄúQue se foda eles‚Äù https://t.co/9vZAo8o9bL
"['porra', 'dia', 'comecou', 'merda']","que porra, dia j√° come√ßou uma merda"
"['parem', 'dar', 'overrate', 'evangelion', 'crl', 'merda', 'horrivel']",Parem de dar overrate a Evangelion crl essa merda √© horr√≠vel
"['a', 'medica', 'encontrou', 'pior', 'secretaria', 'disponivel', 'porque', 'possivel', 'dificuldade', 'ter', 'resposta', 'qualquer', 'desse', 'ser', 'humano', 'o', 'foda', 'propria', 'medica', 'sabe', 'ruim', 'manda']","A m√©dica encontrou a pior secret√°ria que ela tinha dispon√≠vel porque n√£o √© poss√≠vel a dificuldade que √© ter uma resposta qualquer desse ser humano 

O foda √© que a pr√≥pria m√©dica sabe que ela √© ruim e s√≥ manda um ü§∑"
"['oomf', 'encontrei', 'sabado', 'friends', 'preparar', 'single', 'estreia', 'sera', 'portugal', 'preparado', 'gay', 'main', 'pop', 'boy']",oomf que encontrei no sabado no friends esta a preparar o single de estreia sera que portugal esta preparado para gay main pop boy?
"['brasil', 'patria', 'amada', 'cu', 'bela', 'bunda']",brasil p√°tria amada meu cu bela bunda
"['cada', 'artista', 'foda', 'palestrando', 'ilustra', 'nordeste', 'elogiam', 'chat', 'ficam', 'oohhh', 'obrigade', 'haha', 'acho', 'fofo', 'kkkkk']","Cada artista foda palestrando no Ilustra Nordeste, mas quando elogiam no chat eles ficam ""üòØüò≥‚ò∫Ô∏èüòÑ oohhh obrigade, nossa haha üòä""

Acho fofo kkkkk"
"['vagabundo', 'precisa', 'cltzinho']",Vagabundo precisa de um cltzinho
"['preto', 'ja', 'viu', 'vai', 'sair', 'sabado', 'mrm', 'preto', 'jogar', 'din', 'p', 'chama', 'mimada']","[28/04/2022 10:54:09] meu preto üë©üèΩ‚Äç‚ù§Ô∏è‚Äçüíã‚Äçüë®üèΩ: J√° viu se vai sair s√°bado mrm?
 [28/04/2022 10:54:13] meu preto üë©üèΩ‚Äç‚ù§Ô∏è‚Äçüíã‚Äçüë®üèΩ: jogar um din p tu

depois me chama de mimada ü§£üò©"
"['isso', 'aqui', 'maior', 'potencial', 'estrago', 'sair', 'ai', 'falando', 'bolsonaro', 'golpista', 'reclamando', 'graca', 'vagabundo', 'carioca']",Isso aqui tem muito maior potencial de estrago do que sair por a√≠ falando de que Bolsonaro √© golpista ou reclamando da gra√ßa ao vagabundo carioca. https://t.co/GYhrZQqsQh
"['vamos', 'decepar', 'milistros', 'stf', 'reduto', 'comunistas', 'fdp', 's', 'vamos', 'invadir', 'praia', 'carrapato']",Vamos decepar esses milistros do stf reduto de comunistas Fdp‚Äôs. Vamos invadir sua praia carrapato. https://t.co/8bAq7zvR92
"['uma', 'ventania', 'caralho', 'soubesse', 'tempo', 'ia', 'ficar', 'assim', 'tao', 'rapido', 'levado', 'be', 'pra', 'creche']","Uma ventania do caralho, se soubesse que o tempo ia ficar assim t√£o r√°pido nem teria levado o b√™ pra creche"
"['unica', 'coisa', 'gosto', 'livros', 'stephen', 'king', 'quanto', 'sempre', 'fala', 'sobre', 'questao', 'sexual', 'tipo', 'personagem', 'sempre', 'homem', 'ta', 'querendo', 'foder', 'ai', 'fica', 'tempo', 'todo', 'falando', 'sobre', 'sei', 'pq', 'assexual', 'incomoda', 'pouco']",√önica coisa que eu n√£o gosto dos livros do Stephen King √© o quanto ele sempre fala sobre quest√£o sexual tipo os personagem dele √© sempre um homem que t√° querendo foder e a√≠ fica o tempo todo falando sobre isso eu n√£o sei se √© pq eu sou assexual mas me incomoda um pouco
"['so', 'vale', 'lado', 'velho', 'senil', 'vagabundo', 'asqueroso', 'maldito']","S√≥ vale para um lado. Velho senil e vagabundo, asqueroso maldito. https://t.co/wzNWmkEJls"
"['vou', 'foder', 'tanto', 'fisica', 'hj', 'q', 'sei', 'reagir']",eu vou me foder tanto em f√≠sica hj q nem sei mais como reagir
"['serio', 'acho', 'tao', 'feio', 'amigos', 'defende', 'fez', 'merda', 'lili', 'vai', 'cantar', 'vc', 'n', 'merece', 'passar', 'policial', 'tudo', 'merda', 'porra', 'manca', 'ta', 'preso', 'pq', 'merece', 'ninguem', 'mandou', 'fazer', 'merda', 'bem', 'feito', 'parem', 'defender', 'gente', 'errada', 'pq', 'amigo', 'n', 'fica', 'net', 'defendendo', 'errado']","S√©rio, acho tao feio amigos defende quem fez merda ‚ÄúLili vai cantar, vc n merece passar por isso, policial tudo merda‚Äù porra se manca, se t√° preso √© pq merece, ningu√©m mandou fazer merda, √© bem feito, parem de defender gente errada s√≥ pq √© amigo, n fica na net defendendo o errado"
"['eu', 'mt', 'idiota', 'msm']",Eu sou mt idiota msm
"['pqp', 'puta', 'pariu']",pqp!!!!! puta que pariu
"['respirar', 'n', 'foder', 'focinho', 'gajo']",Respirar para n foder o focinho a um gajo :)
"['ta', 'acontecendo', 'fml', 'kkkkk', 'tomando', 'gosto', 'tenis', 'cor', 'burro', 'foge']",ta acontecendo fml kkkkk tomando gosto por tenis cor de burro quando foge
"['luca', 'c', 'pra', 'arranja', 'alg', 'arranja', 'alg', 'bnt', 'prc', 'jp', 'mto', 'fdp']","""Luca c for pra arranja alg arranja alg bnt"" prc Jp √© mto fdp"
"['e', 'bosta', 'midia', 'esquerda', 'brasileira']",√â bosta mesmo....... m√≠dia esquerda brasileira!!!! #Brasil https://t.co/DeO7WL2LGN
"['que', 'semana', 'caralho', 'puta', 'pariu']","Que semana do caralho, puta que pariu"
"['hoje', 'comecou', 'cedo', 'kkkk', 'menino', 'vai', 'tomar', 'banho', 'agora', 'apura', 'coloca', 'bermuda', 'que', 'ta', 'calor', 'vai', 'agoraaaaaaa']",Hoje come√ßou mais cedo kkkk MENINO VAI TOMAR BANHO AGORA APURA COLOCA BERMUDA QUE T√Å CALOR VAI AGORAAAAAAA https://t.co/4MCmyNtSMH
"['todo', 'mundo', 'sabia', 'vara', 'tribunal', 'excecao', 'menos', 'globo', 'empresa', 'q', 'diz', 'fazer', 'jornalismo', 'atuou', 'porta', 'voz', 'republica', 'cu', 'atingir', 'objetivos', 'politicos', 'canalhas', 'todos', 'kamels', 'leitoes', 'principalmente']","TODO MUNDO SABIA que a 13¬™ Vara era um tribunal de exce√ß√£o, menos a Globo, uma empresa q diz fazer ""jornalismo"", que atuou como porta voz da ""Rep√∫blica de Cu"" para atingir seus objetivos pol√≠ticos!
Canalhas, todos eles, e os Kamels e os Leit√µes, principalmente.
#LulaPresidente13"
"['abel', 'braga', 'saiu', 'caralho']",ABEL BRAGA SAIU CARALHO
"['ess', 'aimagem', 'traz', 'tantas', 'lembrancas', 'puta', 'q', 'pariu']","nossa ess aimagem traz tantas lembran√ßas, puta q pariu https://t.co/azpcOs3bIl"
"['pensando', 'carai', 'vou', 'aproveitar', 'tempo', 'livre', 'hoje', 'dar', 'estudada', 'celtinha', 'eletrico', 'fodase']","eu pensando: carai vou aproveitar o tempo livre hoje e dar uma estudada.
eu tamb√©m: celtinha el√©trico fodase https://t.co/EjoFlwXzkr"
"['como', 'comentei', 'estados', 'unidos', 'tornou', 'lama', 'mundo', 'um', 'verdadeiro', 'pais', 'merda']","Como eu j√° comentei. Estados Unidos se tornou a lama do mundo.

Um verdadeiro pa√≠s de merda! https://t.co/WwIE6BQ6zN"
"['ontem', 'professora', 'explicou', 'sobre', 'materia', 'prestei', 'atencao', 'abrir', 'trabalho', 'questoes', 'falando', 'cair', 'cu', 'vagabundaaaaa']","ontem a professora explicou sobre a mat√©ria eu n√£o prestei aten√ß√£o, fui abrir o trabalho 4 quest√µes do que ela estava falando e de cair o c√∫ o da vagabundaaaaa"
"['preconceito', 'religioso', 'nao', 'filha', 'condenar', 'burrice', 'meu', 'deus', 'pode', 'ter', 'tanta', 'gente', 'burra', 'nesse', 'mundo', 'isso', 'fe', 'ser', 'burro', 'familia', 'buscou', 'ritual', 'curar', 'gripe', 'menina', 'morreu', 'queimada', 'diz', 'advogado']","Preconceito religioso? N√£o minha filha, isso √© condenar a sua BURRICE. Meu Deus como pode ter tanta gente burra nesse mundo. Isso n√£o √© f√© n√£o, isso √© ser burro.

Fam√≠lia buscou ritual para curar gripe de menina que morreu queimada, diz advogado https://t.co/zTBaUXizTD"
"['caralho', 'comecei', 'lendo', 'achando', 'ko']",Caralho.... comecei lendo achando que era k.o https://t.co/hn8NoqK2Nd
"['caralho', 'video', 'fez', 'mal', 'doeu', 'ate', 'corpo', 'dentro']","caralho esse video me fez mal, doeu ate o corpo por dentro"
"['eu', 'quero', 'que', 'voce', 'se', 'foda', 'kokikkkkkkkkk']",EU QUERO QUE VOC√ä SE FODA KOKIKKKKKKKKK https://t.co/B1kZpOfmmD
"['parece', 'tomar', 'cafe', 'manha', 'realmente', 'consequencias']",parece que n√£o tomar caf√© da manh√£ realmente tem consequ√™ncias
"['chuva', 'caralho']",chuva do caralho
"['procuro', 'louco', 'suficiente', 'pra', 'dividir', 'aluguel', 'bhkkkkkkkjj']",//procuro um louco o suficiente pra dividir aluguel em BHKKKKKKKJJ https://t.co/27Z9G8c6mC
"['vou', 'ficar', 'responder', 'semana', 'desgracado']","vou ficar sem responder por uma semana tamb√©m, desgra√ßado"
"['mas', 'pai', 'merda', 'vida', 'kkkkkkkk']","Mas nem pai eu tenho, merda de vida KKKKKKKK https://t.co/TjzBFw8emJ"
"['kkkkkkk', 'q', 'foda']",Kkkkkkk ele q se foda https://t.co/6cHiBBz10h
['fodase'],fodase https://t.co/2Az9bbMd5w
"['velho', 'desgracado']",Velho desgra√ßado. https://t.co/O5KTmMNBHT
"['perdi', 'queimwdo', 'so', 'pq', 'idiota', 'n', 'quis', 'trocarkkkkkqsaco']",perdi no queimwdo so pq o idiota n quis trocarKKKKKQSACO
"['pq', 'ta', 'todo', 'mundo', 'ganhando', 'eve', 'merda']",Pq t√° todo mundo ganhando a eve e eu na merda?
"['pesquisou', 'sobre', 'bastante', 'pra', 'entender', 'kkkkkkkkkkk', 'tirou', 'conclusao', 'quis', 'foda', 'exu', 'luz']",Pesquisou sobre mas n√£o o bastante pra entender kkkkkkkkkkk tirou a conclus√£o que quis e Foda se. Exu √© luz!! https://t.co/1iKTsdhDkJ
"['to', 'cu', 'mao']",to com o cu na m√£o
"['bom', 'dia', 'vim', 'psiquiatra', 'deu', 'bronca', 'daquelas', 'gigantes', 'pq', 'fico', 'parando', 'tomar', 'medicamento', 'lindo', 'pra', 'cara']","bom dia vim no psiquiatra e ele me deu uma BRONCA daquelas gigantes pq eu fico parando de tomar meu medicamento üëç

lindo pra minha cara üó£"
"['show', 'morumbi', 'merda', 'estadio', 'horrivel']",Show do Morumbi √© uma merda. Est√°dio HORR√çVEL
"['bosta', 'vida', 'caralhenta']",Bosta de vida caralhenta
"['vou', 'fazer', 'todas', 'manifestacoes', 'possiveis', 'ir', 'show', 'guns', 'ano', 'puta', 'merda', 'vou', 'gorillaz', 'algum', 'ir']","vou fazer todas as manifesta√ß√µes poss√≠veis para ir no show do guns esse ano puta merda, j√° que n√£o vou no gorillaz, em algum eu tenho que ir"
"['minha', 'barriga', 'desinchou', 'pra', 'cacete']",Minha barriga desinchou pra cacete
"['horrivel', 'qnd', 'alguem', 'esforca', 'pouco', 'pra', 'fazer', 'sentir', 'importante', 'fico', 'sentindo', 'grande', 'saco', 'merda', 'insignificante', 'por', 'mil', 'motivos', 'aprendi', 'gostar', 'estar', 'sozinha']","horr√≠vel qnd algu√©m n√£o se esfor√ßa nem um pouco pra fazer voc√™ se sentir importante, fico me sentindo um grande saco de merda insignificante. Por esse e mil motivos que eu aprendi a gostar de estar sozinha."
"['vou', 'ter', 'pagar', 'r', 'pra', 'empresa', 'pq', 'fiz', 'cupom', 'fiscal', 'teste', 'esqueci', 'apagar', 'desgracado', 'entrou', 'venda']","vou ter que pagar R$100,00 pra empresa pq fiz um cupom fiscal de teste e esqueci de apagar o desgra√ßado e entrou a venda"
"['o', 'cara', 'e', 'condenado', 'no', 'maior', 'tribunal', 'do', 'pais', 'caralho', 'isso', 'e', 'vergonhoso']",O CARA √â CONDENADO NO MAIOR TRIBUNAL DO PA√çS CARALHO! ISSO √â VERGONHOSO! https://t.co/kLtB8RVwB3
"['sabe', 'tal', 'inseguranca', 'juridica', 'esta', 'oficializada', 'brasil', 'a', 'lei', 'cada', 'membro', 'supremo', 'cagar', 'cabeca']","Sabe aquela tal ""inseguran√ßa jur√≠dica""??

Est√° oficializada no Brasil...

A lei √© o que cada membro do ""supremo"" cagar da cabe√ßa. https://t.co/LDNMknI11C"
"['hj', 'ta', 'foda']",hj t√° foda
"['astrazenica', 'fez', 'doses', 'pfizer', 'fez', 'crlh', 'to', 'merda', 'real', 'pqp']","Astrazenica fez o que 2 doses de Pfizer n√£o fez, crlh to na merda real pqp"
"['no', 'cu', 'bucetinha', 'rt', 'comentam', 'bastante', 'gostou', 'conteudo', 'hot', 'dm', 'fotos', 'videos', 'chamada', 'video', 'promocao', 'para', 'pix']","No cu ou na bucetinha?üî•üî•
Rt, comentam bastante se gostou üî•üîû

üî•üîûConte√∫do HOT na DMüîûüî•
Fotos/ V√≠deos/ Chamada de V√≠deo 
   üì©PROMO√á√ÉO PARA PIX üì© https://t.co/CqFVpYss3y"
"['eu', 'aguento', 'ouvir', 'pipoca', 'queixarse', 'magra', 'mulher', 'tens', 'corpo', 'fixe', 'tens', 'gordura', 'come', 'condicoes', 'treina', 'frente']","Eu n√£o aguento ouvir a pipoca a queixar-se que n√£o √© magra quando o √©. Mulher, tu tens um corpo mesmo fixe, s√≥ tens gordura. Come em condi√ß√µes e treina para a frente."
"['adoro', 'encontrar', 'deborah', 'aleatoriamente', 'role', 'porque', 'nunca', 'sei', 'noite', 'vai', 'terminar', 'ontem', 'sai', 'pra', 'tomar', 'uma', 'cerveja', 'apareceu', 'notei', 'tava', 'deitada', 'rede', 'tomando', 'drink', 'gato', 'colo', 'marcando', 'viagem', 'pra', 'festival', 'julho']","Adoro encontrar D√©borah aleatoriamente em rol√™ porque nunca sei como minha noite vai terminar. Ontem sa√≠ pra tomar UMA cerveja, ela apareceu e quando notei tava deitada numa rede, tomando um drink com um gato no meu colo, e marcando uma viagem pra um festival em julho???"
"['povo', 'folgado', 'caralho', 'viu']",Povo folgado do caralho viu
"['ouca', 'posso', 'fazer', 'milagres', 'ok', 'escreve', 'elon', 'musk', 'twitter', 'agora', 'vou', 'comprar', 'mcdonald', 's', 'consertar', 'todas', 'maquinas', 'sorvete', 'citou', 'musk', 'o', 'fantasma', 'casa', 'branca', 'vai', 'voltar', 'tomar', 'sorvete', 'mcdonald', 's', 'uhuuuuuu']","üòÇüòäüòÜüòÖüòåüòÅüò¨üòÄüòâüòÇü§£üòäüòÜüòåüòÖüòÅüò¨üòÅ

Ou√ßa, eu n√£o posso fazer milagres, ok, escreve Elon Musk em seu Twitter!

""Agora vou comprar o McDonald's e consertar todas as m√°quinas de sorvete"", - citou Musk.

O Fantasma da Casa Branca vai voltar tomar sorvete no McDonald's uhuuuuuu... https://t.co/4CxEpgyepo"
"['essa', 'dor', 'pe', 'ta', 'foda']",Essa dor no meu p√© ta foda üò©
"['incrivel', 'sair', 'saia', 'comeca', 'ventar', 'caralho']",Incr√≠vel que √© s√≥ eu sair de saia que come√ßa a ventar para um caralho
"['deu', 'pra', 'sentir', 'gay', 'panic', 'andrew', 'daqui']",Deu pra sentir o gay panic do Andrew daqui
"['post', 'merda', 'comentarios', 'piores', 'ainda', 'amor', 'deus']",post merda e os coment√°rios piores ainda pelo amor de deus https://t.co/YsZU52k3qX
"['e', 'outras', 'digo', 'dcv', 'foder']",√â por essas e outras que eu digo que o DCV tem muito √© que se foder mesmo
"['anos', 'tomar', 'banho', 'mar', 'necessito', 'praia', 'pcr']","2 anos sem tomar um banho de mar, necessito de uma praia pcr.."
"['foda', 'hora', 'passa']",foda que a hora n√£o passa
"['que', 'foda']","""Que se foda eles"" https://t.co/S7ZmJTZJ3X"
"['sair', 'dentista', 'fazer', 'clareamento', 'nada', 'melhor', 'cafezin', 'preto', 'hummm']",depois de sair da dentista e fazer clareamento nada melhor que um caf√©zin preto hummm
"['ue', 'kkkkkkkkkkk', 'q', 'foda', 'vc', 'ne']",ue kkkkkkkkkkk q se foda vc n√© https://t.co/k8Rk2ISVEZ
"['vao', 'tudo', 'merda', 'tbm', 'ba']",V√£o tudo a merda tbm ba
